{
    "$schema": "http://schema.management.azure.com/schemas/2015-01-01/deploymentTemplate.json#",
    "contentVersion": "1.0.0.0",
    "parameters": {
        "factoryName": {
            "type": "string",
            "metadata": "Data Factory name",
            "defaultValue": "adfnetflixgirald"
        },
        "ls_datalake_accountKey": {
            "type": "secureString",
            "metadata": "Secure string for 'accountKey' of 'ls_datalake'"
        },
        "ls_datalake_properties_typeProperties_url": {
            "type": "string",
            "defaultValue": "https://strgaccnetflixgirald.dfs.core.windows.net/"
        },
        "ls_github_properties_typeProperties_url": {
            "type": "string",
            "defaultValue": "https://raw.githubusercontent.com/"
        }
    },
    "variables": {
        "factoryId": "[concat('Microsoft.DataFactory/factories/', parameters('factoryName'))]"
    },
    "resources": [
        {
            "name": "[concat(parameters('factoryName'), '/ls_datalake')]",
            "type": "Microsoft.DataFactory/factories/linkedServices",
            "apiVersion": "2018-06-01",
            "properties": {
                "annotations": [],
                "type": "AzureBlobFS",
                "typeProperties": {
                    "url": "[parameters('ls_datalake_properties_typeProperties_url')]",
                    "accountKey": {
                        "type": "SecureString",
                        "value": "[parameters('ls_datalake_accountKey')]"
                    }
                }
            },
            "dependsOn": []
        },
        {
            "name": "[concat(parameters('factoryName'), '/ls_github')]",
            "type": "Microsoft.DataFactory/factories/linkedServices",
            "apiVersion": "2018-06-01",
            "properties": {
                "annotations": [],
                "type": "HttpServer",
                "typeProperties": {
                    "url": "[parameters('ls_github_properties_typeProperties_url')]",
                    "enableServerCertificateValidation": true,
                    "authenticationType": "Anonymous"
                }
            },
            "dependsOn": []
        },
        {
            "name": "[concat(parameters('factoryName'), '/ds_sink_datalake')]",
            "type": "Microsoft.DataFactory/factories/datasets",
            "apiVersion": "2018-06-01",
            "properties": {
                "linkedServiceName": {
                    "referenceName": "ls_datalake",
                    "type": "LinkedServiceReference"
                },
                "parameters": {
                    "file_name": {
                        "type": "string"
                    },
                    "folder_name": {
                        "type": "string"
                    }
                },
                "annotations": [],
                "type": "DelimitedText",
                "typeProperties": {
                    "location": {
                        "type": "AzureBlobFSLocation",
                        "fileName": {
                            "value": "@dataset().file_name",
                            "type": "Expression"
                        },
                        "folderPath": {
                            "value": "@dataset().folder_name",
                            "type": "Expression"
                        },
                        "fileSystem": "bronze"
                    },
                    "columnDelimiter": ",",
                    "escapeChar": "\\",
                    "firstRowAsHeader": true,
                    "quoteChar": "\""
                },
                "schema": []
            },
            "dependsOn": [
                "[concat(variables('factoryId'), '/linkedServices/ls_datalake')]"
            ]
        },
        {
            "name": "[concat(parameters('factoryName'), '/ds_git_raw')]",
            "type": "Microsoft.DataFactory/factories/datasets",
            "apiVersion": "2018-06-01",
            "properties": {
                "linkedServiceName": {
                    "referenceName": "ls_github",
                    "type": "LinkedServiceReference"
                },
                "parameters": {
                    "file_name": {
                        "type": "string"
                    }
                },
                "annotations": [],
                "type": "DelimitedText",
                "typeProperties": {
                    "location": {
                        "type": "HttpServerLocation",
                        "relativeUrl": {
                            "value": "girald02/Azure-Netflix-Project-4/refs/heads/main/raw/@{dataset().file_name}",
                            "type": "Expression"
                        }
                    },
                    "columnDelimiter": ",",
                    "escapeChar": "\\",
                    "firstRowAsHeader": true,
                    "quoteChar": "\""
                },
                "schema": []
            },
            "dependsOn": [
                "[concat(variables('factoryId'), '/linkedServices/ls_github')]"
            ]
        },
        {
            "name": "[concat(parameters('factoryName'), '/ds_validation_git')]",
            "type": "Microsoft.DataFactory/factories/datasets",
            "apiVersion": "2018-06-01",
            "properties": {
                "linkedServiceName": {
                    "referenceName": "ls_datalake",
                    "type": "LinkedServiceReference"
                },
                "annotations": [],
                "type": "DelimitedText",
                "typeProperties": {
                    "location": {
                        "type": "AzureBlobFSLocation",
                        "fileName": "netflix_titles.csv",
                        "fileSystem": "raw"
                    },
                    "columnDelimiter": ",",
                    "escapeChar": "\\",
                    "firstRowAsHeader": true,
                    "quoteChar": "\""
                },
                "schema": []
            },
            "dependsOn": [
                "[concat(variables('factoryId'), '/linkedServices/ls_datalake')]"
            ]
        },
        {
            "name": "[concat(parameters('factoryName'), '/github_pipeline')]",
            "type": "Microsoft.DataFactory/factories/pipelines",
            "apiVersion": "2018-06-01",
            "properties": {
                "activities": [
                    {
                        "name": "ForEachRaw",
                        "type": "ForEach",
                        "dependsOn": [
                            {
                                "activity": "ValidationGitHub",
                                "dependencyConditions": [
                                    "Succeeded"
                                ]
                            }
                        ],
                        "userProperties": [],
                        "typeProperties": {
                            "items": {
                                "value": "@pipeline().parameters.git_array",
                                "type": "Expression"
                            },
                            "isSequential": false,
                            "activities": [
                                {
                                    "name": "CopyNetflixRawGit",
                                    "type": "Copy",
                                    "dependsOn": [],
                                    "policy": {
                                        "timeout": "0.12:00:00",
                                        "retry": 0,
                                        "retryIntervalInSeconds": 30,
                                        "secureOutput": false,
                                        "secureInput": false
                                    },
                                    "userProperties": [],
                                    "typeProperties": {
                                        "source": {
                                            "type": "DelimitedTextSource",
                                            "storeSettings": {
                                                "type": "HttpReadSettings",
                                                "requestMethod": "GET"
                                            },
                                            "formatSettings": {
                                                "type": "DelimitedTextReadSettings"
                                            }
                                        },
                                        "sink": {
                                            "type": "DelimitedTextSink",
                                            "storeSettings": {
                                                "type": "AzureBlobFSWriteSettings"
                                            },
                                            "formatSettings": {
                                                "type": "DelimitedTextWriteSettings",
                                                "quoteAllText": true,
                                                "fileExtension": ".txt"
                                            }
                                        },
                                        "enableStaging": false,
                                        "translator": {
                                            "type": "TabularTranslator",
                                            "typeConversion": true,
                                            "typeConversionSettings": {
                                                "allowDataTruncation": true,
                                                "treatBooleanAsNumber": false
                                            }
                                        }
                                    },
                                    "inputs": [
                                        {
                                            "referenceName": "ds_git_raw",
                                            "type": "DatasetReference",
                                            "parameters": {
                                                "file_name": {
                                                    "value": "@item().file_name",
                                                    "type": "Expression"
                                                }
                                            }
                                        }
                                    ],
                                    "outputs": [
                                        {
                                            "referenceName": "ds_sink_datalake",
                                            "type": "DatasetReference",
                                            "parameters": {
                                                "file_name": {
                                                    "value": "@item().file_name",
                                                    "type": "Expression"
                                                },
                                                "folder_name": {
                                                    "value": "@item().folder_name",
                                                    "type": "Expression"
                                                }
                                            }
                                        }
                                    ]
                                }
                            ]
                        }
                    },
                    {
                        "name": "ValidationGitHub",
                        "type": "Validation",
                        "dependsOn": [
                            {
                                "activity": "SetVariable",
                                "dependencyConditions": [
                                    "Succeeded"
                                ]
                            }
                        ],
                        "userProperties": [],
                        "typeProperties": {
                            "dataset": {
                                "referenceName": "ds_validation_git",
                                "type": "DatasetReference",
                                "parameters": {}
                            },
                            "timeout": "0.12:00:00",
                            "sleep": 10
                        }
                    },
                    {
                        "name": "GitMetaData",
                        "type": "WebActivity",
                        "dependsOn": [],
                        "policy": {
                            "timeout": "0.12:00:00",
                            "retry": 0,
                            "retryIntervalInSeconds": 30,
                            "secureOutput": false,
                            "secureInput": false
                        },
                        "userProperties": [],
                        "typeProperties": {
                            "method": "GET",
                            "headers": {},
                            "url": "https://raw.githubusercontent.com/girald02/Azure-Netflix-Project-4/refs/heads/main/raw/netflix_cast.csv"
                        }
                    },
                    {
                        "name": "SetVariable",
                        "type": "SetVariable",
                        "dependsOn": [
                            {
                                "activity": "GitMetaData",
                                "dependencyConditions": [
                                    "Succeeded"
                                ]
                            }
                        ],
                        "policy": {
                            "secureOutput": false,
                            "secureInput": false
                        },
                        "userProperties": [],
                        "typeProperties": {
                            "variableName": "metadata",
                            "value": {
                                "value": "@activity('GitMetaData').output.response\n",
                                "type": "Expression"
                            }
                        }
                    }
                ],
                "policy": {
                    "elapsedTimeMetric": {}
                },
                "parameters": {
                    "git_array": {
                        "type": "array",
                        "defaultValue": [
                            {
                                "folder_name": "netflix_cast",
                                "file_name": "netflix_cast.csv"
                            },
                            {
                                "folder_name": "netflix_category",
                                "file_name": "netflix_category.csv"
                            },
                            {
                                "folder_name": "netflix_countries",
                                "file_name": "netflix_countries.csv"
                            },
                            {
                                "folder_name": "netflix_directors",
                                "file_name": "netflix_directors.csv"
                            }
                        ]
                    }
                },
                "variables": {
                    "metadata": {
                        "type": "String"
                    }
                },
                "annotations": [],
                "lastPublishTime": "2025-05-04T02:20:52Z"
            },
            "dependsOn": [
                "[concat(variables('factoryId'), '/datasets/ds_validation_git')]",
                "[concat(variables('factoryId'), '/datasets/ds_git_raw')]",
                "[concat(variables('factoryId'), '/datasets/ds_sink_datalake')]"
            ]
        }
    ]
}