{
    "$schema": "https://schema.management.azure.com/schemas/2015-01-01/deploymentParameters.json#",
    "contentVersion": "1.0.0.0",
    "parameters": {
        "factoryName": {
            "value": "adfnetflixgirald"
        },
        "ls_datalake_accountKey": {
            "value": ""
        },
        "ls_datalake_properties_typeProperties_url": {
            "value": "https://strgaccnetflixgirald.dfs.core.windows.net/"
        },
        "ls_github_properties_typeProperties_url": {
            "value": "https://raw.githubusercontent.com/"
        }
    }
}